Model,RMSE,R²
Linear Regression,12536.969922633292,0.6661973763681361
Elastic Net,12532.143324848093,0.6664543476905296
Random Forest,6507.656206979022,0.9100598140804514
