Model,RMSE,R²
Linear Regression,6.879661023991929,-0.0166677262366548
Elastic Net,6.880103624417483,-0.016798544322394582
Random Forest,4.589971952267853,0.547451613877563
