Model,RMSE,R²
Linear Regression,2.284066548704861,0.5834388308145417
Elastic Net,2.2805521435486016,0.58471973784299
Random Forest,1.8244013413775528,0.7342323950664291
