Predictor,Basic Model_Coefficient,Basic Model_p-value,Fixed Effects_Coefficient,Fixed Effects_p-value,Time Trend_Coefficient,Time Trend_p-value
NY.GDP.MKTP.KD.ZG,-5106.8214658670895,2.0233725635374125e-12,46.819785113419584,0.7518012935263086,-100.34316376617357,0.2760408979867483
SL.EMP.TOTL.SP.ZS,1156.5445597407142,0.00044419681891062914,-772.3119904958485,5.8886242865971015e-06,682.8041550792012,0.00012483265961413205
Model Information,R²: 0.5194,Adj R²: 0.5054,R²: 0.9869,Adj R²: 0.9861,R²: 0.9952,Adj R²: 0.9948
