Predictor,Basic Model_Coefficient,Basic Model_p-value,Fixed Effects_Coefficient,Fixed Effects_p-value,Time Trend_Coefficient,Time Trend_p-value
NY.GDP.PCAP.KD,-0.00010066679332459223,2.0233725635374125e-12,3.2100533506972765e-05,0.7518012935321715,-0.0001788899863454308,0.27604089798679715
SL.EMP.TOTL.SP.ZS,0.1908617673009481,2.5867338341771393e-05,0.4516788023028729,0.002111923351680431,0.7560834617628329,0.0017855631848114467
Model Information,R²: 0.5555,Adj R²: 0.5427,R²: 0.5795,Adj R²: 0.5543,R²: 0.5959,Adj R²: 0.5653
